epsilon,m,N,log2_inv_eps,fixed_total_bits,fixed_per_elem,adaptive_total_bits,adaptive_per_elem,gap_bits,gap_per_elem,lower_bound
0.01,1,100,6.6439,20.64,20.6439,14.00,14.0000,6.64,6.6439,6.6439
0.01,2,100,6.6439,27.29,13.6439,14.00,7.0000,13.29,6.6439,6.6439
0.01,3,100,6.6439,33.93,11.3105,14.00,4.6667,19.93,6.6439,6.6439
0.01,4,100,6.6439,40.58,10.1439,14.00,3.5000,26.58,6.6439,6.6439
0.01,5,100,6.6439,47.22,9.4439,14.00,2.8000,33.22,6.6439,6.6439
0.01,6,100,6.6439,53.86,8.9772,14.00,2.3333,39.86,6.6439,6.6439
0.01,7,100,6.6439,60.51,8.6439,14.00,2.0000,46.51,6.6439,6.6439
0.01,8,100,6.6439,67.15,8.3939,14.00,1.7500,53.15,6.6439,6.6439
0.01,9,100,6.6439,73.79,8.1994,14.00,1.5556,59.79,6.6439,6.6439
0.01,10,100,6.6439,80.44,8.0439,14.00,1.4000,66.44,6.6439,6.6439
0.01,11,100,6.6439,87.08,7.9166,14.00,1.2727,73.08,6.6439,6.6439
0.01,12,100,6.6439,93.73,7.8105,14.00,1.1667,79.73,6.6439,6.6439
0.01,13,100,6.6439,100.37,7.7208,14.00,1.0769,86.37,6.6439,6.6439
0.01,14,100,6.6439,107.01,7.6439,14.00,1.0000,93.01,6.6439,6.6439
0.01,15,100,6.6439,113.66,7.5772,14.00,0.9333,99.66,6.6439,6.6439
0.01,16,100,6.6439,120.30,7.5189,14.00,0.8750,106.30,6.6439,6.6439
0.01,17,100,6.6439,126.95,7.4674,14.00,0.8235,112.95,6.6439,6.6439
0.01,18,100,6.6439,133.59,7.4216,14.00,0.7778,119.59,6.6439,6.6439
0.01,19,100,6.6439,140.23,7.3807,14.00,0.7368,126.23,6.6439,6.6439
0.01,20,100,6.6439,146.88,7.3439,14.00,0.7000,132.88,6.6439,6.6439
0.01,21,100,6.6439,153.52,7.3105,14.00,0.6667,139.52,6.6439,6.6439
0.01,22,100,6.6439,160.16,7.2802,14.00,0.6364,146.16,6.6439,6.6439
0.01,23,100,6.6439,166.81,7.2526,14.00,0.6087,152.81,6.6439,6.6439
0.01,24,100,6.6439,173.45,7.2272,14.00,0.5833,159.45,6.6439,6.6439
0.01,25,100,6.6439,180.10,7.2039,14.00,0.5600,166.10,6.6439,6.6439
0.01,26,100,6.6439,186.74,7.1823,14.00,0.5385,172.74,6.6439,6.6439
0.01,27,100,6.6439,193.38,7.1624,14.00,0.5185,179.38,6.6439,6.6439
0.01,28,100,6.6439,200.03,7.1439,14.00,0.5000,186.03,6.6439,6.6439
0.01,29,100,6.6439,206.67,7.1266,14.00,0.4828,192.67,6.6439,6.6439
0.01,30,100,6.6439,213.32,7.1105,14.00,0.4667,199.32,6.6439,6.6439
0.01,31,100,6.6439,219.96,7.0955,14.00,0.4516,205.96,6.6439,6.6439
0.01,32,100,6.6439,226.60,7.0814,14.00,0.4375,212.60,6.6439,6.6439
0.01,33,100,6.6439,233.25,7.0681,14.00,0.4242,219.25,6.6439,6.6439
0.01,34,100,6.6439,239.89,7.0556,14.00,0.4118,225.89,6.6439,6.6439
0.01,35,100,6.6439,246.53,7.0439,14.00,0.4000,232.53,6.6439,6.6439
0.01,36,100,6.6439,253.18,7.0327,14.00,0.3889,239.18,6.6439,6.6439
0.01,37,100,6.6439,259.82,7.0222,14.00,0.3784,245.82,6.6439,6.6439
0.01,38,100,6.6439,266.47,7.0123,14.00,0.3684,252.47,6.6439,6.6439
0.01,39,100,6.6439,273.11,7.0028,14.00,0.3590,259.11,6.6439,6.6439
0.01,40,100,6.6439,279.75,6.9939,14.00,0.3500,265.75,6.6439,6.6439
0.01,41,100,6.6439,286.40,6.9853,14.00,0.3415,272.40,6.6439,6.6439
0.01,42,100,6.6439,293.04,6.9772,14.00,0.3333,279.04,6.6439,6.6439
0.01,43,100,6.6439,299.69,6.9694,14.00,0.3256,285.69,6.6439,6.6439
0.01,44,100,6.6439,306.33,6.9620,14.00,0.3182,292.33,6.6439,6.6439
0.01,45,100,6.6439,312.97,6.9550,14.00,0.3111,298.97,6.6439,6.6439
0.01,46,100,6.6439,319.62,6.9482,14.00,0.3043,305.62,6.6439,6.6439
0.01,47,100,6.6439,326.26,6.9417,14.00,0.2979,312.26,6.6439,6.6439
0.01,48,100,6.6439,332.91,6.9355,14.00,0.2917,318.91,6.6439,6.6439
0.01,49,100,6.6439,339.55,6.9296,14.00,0.2857,325.55,6.6439,6.6439
0.01,50,100,6.6439,346.19,6.9239,14.00,0.2800,332.19,6.6439,6.6439
0.01,51,100,6.6439,352.84,6.9184,14.00,0.2745,338.84,6.6439,6.6439
0.01,52,100,6.6439,359.48,6.9131,14.00,0.2692,345.48,6.6439,6.6439
0.01,53,100,6.6439,366.12,6.9080,14.00,0.2642,352.12,6.6439,6.6439
0.01,54,100,6.6439,372.77,6.9031,14.00,0.2593,358.77,6.6439,6.6439
0.01,55,100,6.6439,379.41,6.8984,14.00,0.2545,365.41,6.6439,6.6439
0.01,56,100,6.6439,386.06,6.8939,14.00,0.2500,372.06,6.6439,6.6439
0.01,57,100,6.6439,392.70,6.8895,14.00,0.2456,378.70,6.6439,6.6439
0.01,58,100,6.6439,399.34,6.8852,14.00,0.2414,385.34,6.6439,6.6439
0.01,59,100,6.6439,405.99,6.8811,14.00,0.2373,391.99,6.6439,6.6439
0.01,60,100,6.6439,412.63,6.8772,14.00,0.2333,398.63,6.6439,6.6439
0.01,61,100,6.6439,419.28,6.8734,14.00,0.2295,405.28,6.6439,6.6439
0.01,62,100,6.6439,425.92,6.8697,14.00,0.2258,411.92,6.6439,6.6439
0.01,63,100,6.6439,432.56,6.8661,14.00,0.2222,418.56,6.6439,6.6439
0.01,64,100,6.6439,439.21,6.8626,14.00,0.2188,425.21,6.6439,6.6439
0.01,65,100,6.6439,445.85,6.8592,14.00,0.2154,431.85,6.6439,6.6439
0.01,66,100,6.6439,452.49,6.8560,14.00,0.2121,438.49,6.6439,6.6439
0.01,67,100,6.6439,459.14,6.8528,14.00,0.2090,445.14,6.6439,6.6439
0.01,68,100,6.6439,465.78,6.8497,14.00,0.2059,451.78,6.6439,6.6439
0.01,69,100,6.6439,472.43,6.8468,14.00,0.2029,458.43,6.6439,6.6439
0.01,70,100,6.6439,479.07,6.8439,14.00,0.2000,465.07,6.6439,6.6439
0.01,71,100,6.6439,485.71,6.8410,14.00,0.1972,471.71,6.6439,6.6439
0.01,72,100,6.6439,492.36,6.8383,14.00,0.1944,478.36,6.6439,6.6439
0.01,73,100,6.6439,499.00,6.8356,14.00,0.1918,485.00,6.6439,6.6439
0.01,74,100,6.6439,505.65,6.8330,14.00,0.1892,491.65,6.6439,6.6439
0.01,75,100,6.6439,512.29,6.8305,14.00,0.1867,498.29,6.6439,6.6439
0.01,76,100,6.6439,518.93,6.8281,14.00,0.1842,504.93,6.6439,6.6439
0.01,77,100,6.6439,525.58,6.8257,14.00,0.1818,511.58,6.6439,6.6439
0.01,78,100,6.6439,532.22,6.8233,14.00,0.1795,518.22,6.6439,6.6439
0.01,79,100,6.6439,538.86,6.8211,14.00,0.1772,524.86,6.6439,6.6439
0.01,80,100,6.6439,545.51,6.8189,14.00,0.1750,531.51,6.6439,6.6439
0.01,81,100,6.6439,552.15,6.8167,14.00,0.1728,538.15,6.6439,6.6439
0.01,82,100,6.6439,558.80,6.8146,14.00,0.1707,544.80,6.6439,6.6439
0.01,83,100,6.6439,565.44,6.8125,14.00,0.1687,551.44,6.6439,6.6439
0.01,84,100,6.6439,572.08,6.8105,14.00,0.1667,558.08,6.6439,6.6439
0.01,85,100,6.6439,578.73,6.8086,14.00,0.1647,564.73,6.6439,6.6439
0.01,86,100,6.6439,585.37,6.8066,14.00,0.1628,571.37,6.6439,6.6439
0.01,87,100,6.6439,592.02,6.8048,14.00,0.1609,578.02,6.6439,6.6439
0.01,88,100,6.6439,598.66,6.8029,14.00,0.1591,584.66,6.6439,6.6439
0.01,89,100,6.6439,605.30,6.8012,14.00,0.1573,591.30,6.6439,6.6439
0.01,90,100,6.6439,611.95,6.7994,14.00,0.1556,597.95,6.6439,6.6439
0.01,91,100,6.6439,618.59,6.7977,14.00,0.1538,604.59,6.6439,6.6439
0.01,92,100,6.6439,625.23,6.7960,14.00,0.1522,611.23,6.6439,6.6439
0.01,93,100,6.6439,631.88,6.7944,14.00,0.1505,617.88,6.6439,6.6439
0.01,94,100,6.6439,638.52,6.7928,14.00,0.1489,624.52,6.6439,6.6439
0.01,95,100,6.6439,645.17,6.7912,14.00,0.1474,631.17,6.6439,6.6439
0.01,96,100,6.6439,651.81,6.7897,14.00,0.1458,637.81,6.6439,6.6439
0.01,97,100,6.6439,658.45,6.7882,14.00,0.1443,644.45,6.6439,6.6439
0.01,98,100,6.6439,665.10,6.7867,14.00,0.1429,651.10,6.6439,6.6439
0.01,99,100,6.6439,671.74,6.7853,14.00,0.1414,657.74,6.6439,6.6439
0.01,100,100,6.6439,678.39,6.7839,14.00,0.1400,664.39,6.6439,6.6439
0.01,101,100,6.6439,685.03,6.7825,14.00,0.1386,671.03,6.6439,6.6439
0.01,102,100,6.6439,691.67,6.7811,14.00,0.1373,677.67,6.6439,6.6439
0.01,103,100,6.6439,698.32,6.7798,14.00,0.1359,684.32,6.6439,6.6439
0.01,104,100,6.6439,704.96,6.7785,14.00,0.1346,690.96,6.6439,6.6439
0.01,105,100,6.6439,711.60,6.7772,14.00,0.1333,697.60,6.6439,6.6439
0.01,106,100,6.6439,718.25,6.7759,14.00,0.1321,704.25,6.6439,6.6439
0.01,107,100,6.6439,724.89,6.7747,14.00,0.1308,710.89,6.6439,6.6439
0.01,108,100,6.6439,731.54,6.7735,14.00,0.1296,717.54,6.6439,6.6439
0.01,109,100,6.6439,738.18,6.7723,14.00,0.1284,724.18,6.6439,6.6439
0.01,110,100,6.6439,744.82,6.7711,14.00,0.1273,730.82,6.6439,6.6439
0.01,111,100,6.6439,751.47,6.7700,14.00,0.1261,737.47,6.6439,6.6439
0.01,112,100,6.6439,758.11,6.7689,14.00,0.1250,744.11,6.6439,6.6439
0.01,113,100,6.6439,764.76,6.7677,14.00,0.1239,750.76,6.6439,6.6439
0.01,114,100,6.6439,771.40,6.7667,14.00,0.1228,757.40,6.6439,6.6439
0.01,115,100,6.6439,778.04,6.7656,14.00,0.1217,764.04,6.6439,6.6439
0.01,116,100,6.6439,784.69,6.7645,14.00,0.1207,770.69,6.6439,6.6439
0.01,117,100,6.6439,791.33,6.7635,14.00,0.1197,777.33,6.6439,6.6439
0.01,118,100,6.6439,797.98,6.7625,14.00,0.1186,783.98,6.6439,6.6439
0.01,119,100,6.6439,804.62,6.7615,14.00,0.1176,790.62,6.6439,6.6439
0.01,120,100,6.6439,811.26,6.7605,14.00,0.1167,797.26,6.6439,6.6439
0.01,121,100,6.6439,817.91,6.7596,14.00,0.1157,803.91,6.6439,6.6439
0.01,122,100,6.6439,824.55,6.7586,14.00,0.1148,810.55,6.6439,6.6439
0.01,123,100,6.6439,831.19,6.7577,14.00,0.1138,817.19,6.6439,6.6439
0.01,124,100,6.6439,837.84,6.7568,14.00,0.1129,823.84,6.6439,6.6439
0.01,125,100,6.6439,844.48,6.7559,14.00,0.1120,830.48,6.6439,6.6439
0.01,126,100,6.6439,851.13,6.7550,14.00,0.1111,837.13,6.6439,6.6439
0.01,127,100,6.6439,857.77,6.7541,14.00,0.1102,843.77,6.6439,6.6439
0.01,128,100,6.6439,864.41,6.7532,14.00,0.1094,850.41,6.6439,6.6439
0.01,129,100,6.6439,871.06,6.7524,14.00,0.1085,857.06,6.6439,6.6439
0.01,130,100,6.6439,877.70,6.7515,14.00,0.1077,863.70,6.6439,6.6439
0.01,131,100,6.6439,884.35,6.7507,14.00,0.1069,870.35,6.6439,6.6439
0.01,132,100,6.6439,890.99,6.7499,14.00,0.1061,876.99,6.6439,6.6439
0.01,133,100,6.6439,897.63,6.7491,14.00,0.1053,883.63,6.6439,6.6439
0.01,134,100,6.6439,904.28,6.7483,14.00,0.1045,890.28,6.6439,6.6439
0.01,135,100,6.6439,910.92,6.7476,14.00,0.1037,896.92,6.6439,6.6439
0.01,136,100,6.6439,917.56,6.7468,14.00,0.1029,903.56,6.6439,6.6439
0.01,137,100,6.6439,924.21,6.7460,14.00,0.1022,910.21,6.6439,6.6439
0.01,138,100,6.6439,930.85,6.7453,14.00,0.1014,916.85,6.6439,6.6439
0.01,139,100,6.6439,937.50,6.7446,14.00,0.1007,923.50,6.6439,6.6439
0.01,140,100,6.6439,944.14,6.7439,14.00,0.1000,930.14,6.6439,6.6439
0.01,141,100,6.6439,950.78,6.7431,14.00,0.0993,936.78,6.6439,6.6439
0.01,142,100,6.6439,957.43,6.7424,14.00,0.0986,943.43,6.6439,6.6439
0.01,143,100,6.6439,964.07,6.7418,14.00,0.0979,950.07,6.6439,6.6439
0.01,144,100,6.6439,970.72,6.7411,14.00,0.0972,956.72,6.6439,6.6439
0.01,145,100,6.6439,977.36,6.7404,14.00,0.0966,963.36,6.6439,6.6439
0.01,146,100,6.6439,984.00,6.7397,14.00,0.0959,970.00,6.6439,6.6439
0.01,147,100,6.6439,990.65,6.7391,14.00,0.0952,976.65,6.6439,6.6439
0.01,148,100,6.6439,997.29,6.7385,14.00,0.0946,983.29,6.6439,6.6439
0.01,149,100,6.6439,1003.93,6.7378,14.00,0.0940,989.93,6.6439,6.6439
0.01,150,100,6.6439,1010.58,6.7372,14.00,0.0933,996.58,6.6439,6.6439
0.01,151,100,6.6439,1017.22,6.7366,14.00,0.0927,1003.22,6.6439,6.6439
0.01,152,100,6.6439,1023.87,6.7360,14.00,0.0921,1009.87,6.6439,6.6439
0.01,153,100,6.6439,1030.51,6.7354,14.00,0.0915,1016.51,6.6439,6.6439
0.01,154,100,6.6439,1037.15,6.7348,14.00,0.0909,1023.15,6.6439,6.6439
0.01,155,100,6.6439,1043.80,6.7342,14.00,0.0903,1029.80,6.6439,6.6439
0.01,156,100,6.6439,1050.44,6.7336,14.00,0.0897,1036.44,6.6439,6.6439
0.01,157,100,6.6439,1057.09,6.7330,14.00,0.0892,1043.09,6.6439,6.6439
0.01,158,100,6.6439,1063.73,6.7325,14.00,0.0886,1049.73,6.6439,6.6439
0.01,159,100,6.6439,1070.37,6.7319,14.00,0.0881,1056.37,6.6439,6.6439
0.01,160,100,6.6439,1077.02,6.7314,14.00,0.0875,1063.02,6.6439,6.6439
0.01,161,100,6.6439,1083.66,6.7308,14.00,0.0870,1069.66,6.6439,6.6439
0.01,162,100,6.6439,1090.30,6.7303,14.00,0.0864,1076.30,6.6439,6.6439
0.01,163,100,6.6439,1096.95,6.7297,14.00,0.0859,1082.95,6.6439,6.6439
0.01,164,100,6.6439,1103.59,6.7292,14.00,0.0854,1089.59,6.6439,6.6439
0.01,165,100,6.6439,1110.24,6.7287,14.00,0.0848,1096.24,6.6439,6.6439
0.01,166,100,6.6439,1116.88,6.7282,14.00,0.0843,1102.88,6.6439,6.6439
0.01,167,100,6.6439,1123.52,6.7277,14.00,0.0838,1109.52,6.6439,6.6439
0.01,168,100,6.6439,1130.17,6.7272,14.00,0.0833,1116.17,6.6439,6.6439
0.01,169,100,6.6439,1136.81,6.7267,14.00,0.0828,1122.81,6.6439,6.6439
0.01,170,100,6.6439,1143.46,6.7262,14.00,0.0824,1129.46,6.6439,6.6439
0.01,171,100,6.6439,1150.10,6.7257,14.00,0.0819,1136.10,6.6439,6.6439
0.01,172,100,6.6439,1156.74,6.7253,14.00,0.0814,1142.74,6.6439,6.6439
0.01,173,100,6.6439,1163.39,6.7248,14.00,0.0809,1149.39,6.6439,6.6439
0.01,174,100,6.6439,1170.03,6.7243,14.00,0.0805,1156.03,6.6439,6.6439
0.01,175,100,6.6439,1176.67,6.7239,14.00,0.0800,1162.67,6.6439,6.6439
0.01,176,100,6.6439,1183.32,6.7234,14.00,0.0795,1169.32,6.6439,6.6439
0.01,177,100,6.6439,1189.96,6.7230,14.00,0.0791,1175.96,6.6439,6.6439
0.01,178,100,6.6439,1196.61,6.7225,14.00,0.0787,1182.61,6.6439,6.6439
0.01,179,100,6.6439,1203.25,6.7221,14.00,0.0782,1189.25,6.6439,6.6439
0.01,180,100,6.6439,1209.89,6.7216,14.00,0.0778,1195.89,6.6439,6.6439
0.01,181,100,6.6439,1216.54,6.7212,14.00,0.0773,1202.54,6.6439,6.6439
0.01,182,100,6.6439,1223.18,6.7208,14.00,0.0769,1209.18,6.6439,6.6439
0.01,183,100,6.6439,1229.83,6.7204,14.00,0.0765,1215.83,6.6439,6.6439
0.01,184,100,6.6439,1236.47,6.7199,14.00,0.0761,1222.47,6.6439,6.6439
0.01,185,100,6.6439,1243.11,6.7195,14.00,0.0757,1229.11,6.6439,6.6439
0.01,186,100,6.6439,1249.76,6.7191,14.00,0.0753,1235.76,6.6439,6.6439
0.01,187,100,6.6439,1256.40,6.7187,14.00,0.0749,1242.40,6.6439,6.6439
0.01,188,100,6.6439,1263.04,6.7183,14.00,0.0745,1249.04,6.6439,6.6439
0.01,189,100,6.6439,1269.69,6.7179,14.00,0.0741,1255.69,6.6439,6.6439
0.01,190,100,6.6439,1276.33,6.7175,14.00,0.0737,1262.33,6.6439,6.6439
0.01,191,100,6.6439,1282.98,6.7172,14.00,0.0733,1268.98,6.6439,6.6439
0.01,192,100,6.6439,1289.62,6.7168,14.00,0.0729,1275.62,6.6439,6.6439
0.01,193,100,6.6439,1296.26,6.7164,14.00,0.0725,1282.26,6.6439,6.6439
0.01,194,100,6.6439,1302.91,6.7160,14.00,0.0722,1288.91,6.6439,6.6439
0.01,195,100,6.6439,1309.55,6.7157,14.00,0.0718,1295.55,6.6439,6.6439
0.01,196,100,6.6439,1316.20,6.7153,14.00,0.0714,1302.20,6.6439,6.6439
0.01,197,100,6.6439,1322.84,6.7149,14.00,0.0711,1308.84,6.6439,6.6439
0.01,198,100,6.6439,1329.48,6.7146,14.00,0.0707,1315.48,6.6439,6.6439
0.01,199,100,6.6439,1336.13,6.7142,14.00,0.0704,1322.13,6.6439,6.6439
0.01,200,100,6.6439,1342.77,6.7139,14.00,0.0700,1328.77,6.6439,6.6439
0.05,1,100,4.3219,18.32,18.3219,14.00,14.0000,4.32,4.3219,4.3219
0.05,2,100,4.3219,22.64,11.3219,14.00,7.0000,8.64,4.3219,4.3219
0.05,3,100,4.3219,26.97,8.9886,14.00,4.6667,12.97,4.3219,4.3219
0.05,4,100,4.3219,31.29,7.8219,14.00,3.5000,17.29,4.3219,4.3219
0.05,5,100,4.3219,35.61,7.1219,14.00,2.8000,21.61,4.3219,4.3219
0.05,6,100,4.3219,39.93,6.6553,14.00,2.3333,25.93,4.3219,4.3219
0.05,7,100,4.3219,44.25,6.3219,14.00,2.0000,30.25,4.3219,4.3219
0.05,8,100,4.3219,48.58,6.0719,14.00,1.7500,34.58,4.3219,4.3219
0.05,9,100,4.3219,52.90,5.8775,14.00,1.5556,38.90,4.3219,4.3219
0.05,10,100,4.3219,57.22,5.7219,14.00,1.4000,43.22,4.3219,4.3219
0.05,11,100,4.3219,61.54,5.5947,14.00,1.2727,47.54,4.3219,4.3219
0.05,12,100,4.3219,65.86,5.4886,14.00,1.1667,51.86,4.3219,4.3219
0.05,13,100,4.3219,70.19,5.3989,14.00,1.0769,56.19,4.3219,4.3219
0.05,14,100,4.3219,74.51,5.3219,14.00,1.0000,60.51,4.3219,4.3219
0.05,15,100,4.3219,78.83,5.2553,14.00,0.9333,64.83,4.3219,4.3219
0.05,16,100,4.3219,83.15,5.1969,14.00,0.8750,69.15,4.3219,4.3219
0.05,17,100,4.3219,87.47,5.1455,14.00,0.8235,73.47,4.3219,4.3219
0.05,18,100,4.3219,91.79,5.0997,14.00,0.7778,77.79,4.3219,4.3219
0.05,19,100,4.3219,96.12,5.0588,14.00,0.7368,82.12,4.3219,4.3219
0.05,20,100,4.3219,100.44,5.0219,14.00,0.7000,86.44,4.3219,4.3219
0.05,21,100,4.3219,104.76,4.9886,14.00,0.6667,90.76,4.3219,4.3219
0.05,22,100,4.3219,109.08,4.9583,14.00,0.6364,95.08,4.3219,4.3219
0.05,23,100,4.3219,113.40,4.9306,14.00,0.6087,99.40,4.3219,4.3219
0.05,24,100,4.3219,117.73,4.9053,14.00,0.5833,103.73,4.3219,4.3219
0.05,25,100,4.3219,122.05,4.8819,14.00,0.5600,108.05,4.3219,4.3219
0.05,26,100,4.3219,126.37,4.8604,14.00,0.5385,112.37,4.3219,4.3219
0.05,27,100,4.3219,130.69,4.8404,14.00,0.5185,116.69,4.3219,4.3219
0.05,28,100,4.3219,135.01,4.8219,14.00,0.5000,121.01,4.3219,4.3219
0.05,29,100,4.3219,139.34,4.8047,14.00,0.4828,125.34,4.3219,4.3219
0.05,30,100,4.3219,143.66,4.7886,14.00,0.4667,129.66,4.3219,4.3219
0.05,31,100,4.3219,147.98,4.7735,14.00,0.4516,133.98,4.3219,4.3219
0.05,32,100,4.3219,152.30,4.7594,14.00,0.4375,138.30,4.3219,4.3219
0.05,33,100,4.3219,156.62,4.7462,14.00,0.4242,142.62,4.3219,4.3219
0.05,34,100,4.3219,160.95,4.7337,14.00,0.4118,146.95,4.3219,4.3219
0.05,35,100,4.3219,165.27,4.7219,14.00,0.4000,151.27,4.3219,4.3219
0.05,36,100,4.3219,169.59,4.7108,14.00,0.3889,155.59,4.3219,4.3219
0.05,37,100,4.3219,173.91,4.7003,14.00,0.3784,159.91,4.3219,4.3219
0.05,38,100,4.3219,178.23,4.6903,14.00,0.3684,164.23,4.3219,4.3219
0.05,39,100,4.3219,182.56,4.6809,14.00,0.3590,168.56,4.3219,4.3219
0.05,40,100,4.3219,186.88,4.6719,14.00,0.3500,172.88,4.3219,4.3219
0.05,41,100,4.3219,191.20,4.6634,14.00,0.3415,177.20,4.3219,4.3219
0.05,42,100,4.3219,195.52,4.6553,14.00,0.3333,181.52,4.3219,4.3219
0.05,43,100,4.3219,199.84,4.6475,14.00,0.3256,185.84,4.3219,4.3219
0.05,44,100,4.3219,204.16,4.6401,14.00,0.3182,190.16,4.3219,4.3219
0.05,45,100,4.3219,208.49,4.6330,14.00,0.3111,194.49,4.3219,4.3219
0.05,46,100,4.3219,212.81,4.6263,14.00,0.3043,198.81,4.3219,4.3219
0.05,47,100,4.3219,217.13,4.6198,14.00,0.2979,203.13,4.3219,4.3219
0.05,48,100,4.3219,221.45,4.6136,14.00,0.2917,207.45,4.3219,4.3219
0.05,49,100,4.3219,225.77,4.6076,14.00,0.2857,211.77,4.3219,4.3219
0.05,50,100,4.3219,230.10,4.6019,14.00,0.2800,216.10,4.3219,4.3219
0.05,51,100,4.3219,234.42,4.5964,14.00,0.2745,220.42,4.3219,4.3219
0.05,52,100,4.3219,238.74,4.5912,14.00,0.2692,224.74,4.3219,4.3219
0.05,53,100,4.3219,243.06,4.5861,14.00,0.2642,229.06,4.3219,4.3219
0.05,54,100,4.3219,247.38,4.5812,14.00,0.2593,233.38,4.3219,4.3219
0.05,55,100,4.3219,251.71,4.5765,14.00,0.2545,237.71,4.3219,4.3219
0.05,56,100,4.3219,256.03,4.5719,14.00,0.2500,242.03,4.3219,4.3219
0.05,57,100,4.3219,260.35,4.5675,14.00,0.2456,246.35,4.3219,4.3219
0.05,58,100,4.3219,264.67,4.5633,14.00,0.2414,250.67,4.3219,4.3219
0.05,59,100,4.3219,268.99,4.5592,14.00,0.2373,254.99,4.3219,4.3219
0.05,60,100,4.3219,273.32,4.5553,14.00,0.2333,259.32,4.3219,4.3219
0.05,61,100,4.3219,277.64,4.5514,14.00,0.2295,263.64,4.3219,4.3219
0.05,62,100,4.3219,281.96,4.5477,14.00,0.2258,267.96,4.3219,4.3219
0.05,63,100,4.3219,286.28,4.5442,14.00,0.2222,272.28,4.3219,4.3219
0.05,64,100,4.3219,290.60,4.5407,14.00,0.2188,276.60,4.3219,4.3219
0.05,65,100,4.3219,294.93,4.5373,14.00,0.2154,280.93,4.3219,4.3219
0.05,66,100,4.3219,299.25,4.5340,14.00,0.2121,285.25,4.3219,4.3219
0.05,67,100,4.3219,303.57,4.5309,14.00,0.2090,289.57,4.3219,4.3219
0.05,68,100,4.3219,307.89,4.5278,14.00,0.2059,293.89,4.3219,4.3219
0.05,69,100,4.3219,312.21,4.5248,14.00,0.2029,298.21,4.3219,4.3219
0.05,70,100,4.3219,316.53,4.5219,14.00,0.2000,302.53,4.3219,4.3219
0.05,71,100,4.3219,320.86,4.5191,14.00,0.1972,306.86,4.3219,4.3219
0.05,72,100,4.3219,325.18,4.5164,14.00,0.1944,311.18,4.3219,4.3219
0.05,73,100,4.3219,329.50,4.5137,14.00,0.1918,315.50,4.3219,4.3219
0.05,74,100,4.3219,333.82,4.5111,14.00,0.1892,319.82,4.3219,4.3219
0.05,75,100,4.3219,338.14,4.5086,14.00,0.1867,324.14,4.3219,4.3219
0.05,76,100,4.3219,342.47,4.5061,14.00,0.1842,328.47,4.3219,4.3219
0.05,77,100,4.3219,346.79,4.5037,14.00,0.1818,332.79,4.3219,4.3219
0.05,78,100,4.3219,351.11,4.5014,14.00,0.1795,337.11,4.3219,4.3219
0.05,79,100,4.3219,355.43,4.4991,14.00,0.1772,341.43,4.3219,4.3219
0.05,80,100,4.3219,359.75,4.4969,14.00,0.1750,345.75,4.3219,4.3219
0.05,81,100,4.3219,364.08,4.4948,14.00,0.1728,350.08,4.3219,4.3219
0.05,82,100,4.3219,368.40,4.4927,14.00,0.1707,354.40,4.3219,4.3219
0.05,83,100,4.3219,372.72,4.4906,14.00,0.1687,358.72,4.3219,4.3219
0.05,84,100,4.3219,377.04,4.4886,14.00,0.1667,363.04,4.3219,4.3219
0.05,85,100,4.3219,381.36,4.4866,14.00,0.1647,367.36,4.3219,4.3219
0.05,86,100,4.3219,385.69,4.4847,14.00,0.1628,371.69,4.3219,4.3219
0.05,87,100,4.3219,390.01,4.4828,14.00,0.1609,376.01,4.3219,4.3219
0.05,88,100,4.3219,394.33,4.4810,14.00,0.1591,380.33,4.3219,4.3219
0.05,89,100,4.3219,398.65,4.4792,14.00,0.1573,384.65,4.3219,4.3219
0.05,90,100,4.3219,402.97,4.4775,14.00,0.1556,388.97,4.3219,4.3219
0.05,91,100,4.3219,407.30,4.4758,14.00,0.1538,393.30,4.3219,4.3219
0.05,92,100,4.3219,411.62,4.4741,14.00,0.1522,397.62,4.3219,4.3219
0.05,93,100,4.3219,415.94,4.4725,14.00,0.1505,401.94,4.3219,4.3219
0.05,94,100,4.3219,420.26,4.4709,14.00,0.1489,406.26,4.3219,4.3219
0.05,95,100,4.3219,424.58,4.4693,14.00,0.1474,410.58,4.3219,4.3219
0.05,96,100,4.3219,428.91,4.4678,14.00,0.1458,414.91,4.3219,4.3219
0.05,97,100,4.3219,433.23,4.4663,14.00,0.1443,419.23,4.3219,4.3219
0.05,98,100,4.3219,437.55,4.4648,14.00,0.1429,423.55,4.3219,4.3219
0.05,99,100,4.3219,441.87,4.4633,14.00,0.1414,427.87,4.3219,4.3219
0.05,100,100,4.3219,446.19,4.4619,14.00,0.1400,432.19,4.3219,4.3219
0.05,101,100,4.3219,450.51,4.4605,14.00,0.1386,436.51,4.3219,4.3219
0.05,102,100,4.3219,454.84,4.4592,14.00,0.1373,440.84,4.3219,4.3219
0.05,103,100,4.3219,459.16,4.4579,14.00,0.1359,445.16,4.3219,4.3219
0.05,104,100,4.3219,463.48,4.4565,14.00,0.1346,449.48,4.3219,4.3219
0.05,105,100,4.3219,467.80,4.4553,14.00,0.1333,453.80,4.3219,4.3219
0.05,106,100,4.3219,472.12,4.4540,14.00,0.1321,458.12,4.3219,4.3219
0.05,107,100,4.3219,476.45,4.4528,14.00,0.1308,462.45,4.3219,4.3219
0.05,108,100,4.3219,480.77,4.4516,14.00,0.1296,466.77,4.3219,4.3219
0.05,109,100,4.3219,485.09,4.4504,14.00,0.1284,471.09,4.3219,4.3219
0.05,110,100,4.3219,489.41,4.4492,14.00,0.1273,475.41,4.3219,4.3219
0.05,111,100,4.3219,493.73,4.4481,14.00,0.1261,479.73,4.3219,4.3219
0.05,112,100,4.3219,498.06,4.4469,14.00,0.1250,484.06,4.3219,4.3219
0.05,113,100,4.3219,502.38,4.4458,14.00,0.1239,488.38,4.3219,4.3219
0.05,114,100,4.3219,506.70,4.4447,14.00,0.1228,492.70,4.3219,4.3219
0.05,115,100,4.3219,511.02,4.4437,14.00,0.1217,497.02,4.3219,4.3219
0.05,116,100,4.3219,515.34,4.4426,14.00,0.1207,501.34,4.3219,4.3219
0.05,117,100,4.3219,519.67,4.4416,14.00,0.1197,505.67,4.3219,4.3219
0.05,118,100,4.3219,523.99,4.4406,14.00,0.1186,509.99,4.3219,4.3219
0.05,119,100,4.3219,528.31,4.4396,14.00,0.1176,514.31,4.3219,4.3219
0.05,120,100,4.3219,532.63,4.4386,14.00,0.1167,518.63,4.3219,4.3219
0.05,121,100,4.3219,536.95,4.4376,14.00,0.1157,522.95,4.3219,4.3219
0.05,122,100,4.3219,541.28,4.4367,14.00,0.1148,527.28,4.3219,4.3219
0.05,123,100,4.3219,545.60,4.4357,14.00,0.1138,531.60,4.3219,4.3219
0.05,124,100,4.3219,549.92,4.4348,14.00,0.1129,535.92,4.3219,4.3219
0.05,125,100,4.3219,554.24,4.4339,14.00,0.1120,540.24,4.3219,4.3219
0.05,126,100,4.3219,558.56,4.4330,14.00,0.1111,544.56,4.3219,4.3219
0.05,127,100,4.3219,562.88,4.4322,14.00,0.1102,548.88,4.3219,4.3219
0.05,128,100,4.3219,567.21,4.4313,14.00,0.1094,553.21,4.3219,4.3219
0.05,129,100,4.3219,571.53,4.4305,14.00,0.1085,557.53,4.3219,4.3219
0.05,130,100,4.3219,575.85,4.4296,14.00,0.1077,561.85,4.3219,4.3219
0.05,131,100,4.3219,580.17,4.4288,14.00,0.1069,566.17,4.3219,4.3219
0.05,132,100,4.3219,584.49,4.4280,14.00,0.1061,570.49,4.3219,4.3219
0.05,133,100,4.3219,588.82,4.4272,14.00,0.1053,574.82,4.3219,4.3219
0.05,134,100,4.3219,593.14,4.4264,14.00,0.1045,579.14,4.3219,4.3219
0.05,135,100,4.3219,597.46,4.4256,14.00,0.1037,583.46,4.3219,4.3219
0.05,136,100,4.3219,601.78,4.4249,14.00,0.1029,587.78,4.3219,4.3219
0.05,137,100,4.3219,606.10,4.4241,14.00,0.1022,592.10,4.3219,4.3219
0.05,138,100,4.3219,610.43,4.4234,14.00,0.1014,596.43,4.3219,4.3219
0.05,139,100,4.3219,614.75,4.4226,14.00,0.1007,600.75,4.3219,4.3219
0.05,140,100,4.3219,619.07,4.4219,14.00,0.1000,605.07,4.3219,4.3219
0.05,141,100,4.3219,623.39,4.4212,14.00,0.0993,609.39,4.3219,4.3219
0.05,142,100,4.3219,627.71,4.4205,14.00,0.0986,613.71,4.3219,4.3219
0.05,143,100,4.3219,632.04,4.4198,14.00,0.0979,618.04,4.3219,4.3219
0.05,144,100,4.3219,636.36,4.4192,14.00,0.0972,622.36,4.3219,4.3219
0.05,145,100,4.3219,640.68,4.4185,14.00,0.0966,626.68,4.3219,4.3219
0.05,146,100,4.3219,645.00,4.4178,14.00,0.0959,631.00,4.3219,4.3219
0.05,147,100,4.3219,649.32,4.4172,14.00,0.0952,635.32,4.3219,4.3219
0.05,148,100,4.3219,653.65,4.4165,14.00,0.0946,639.65,4.3219,4.3219
0.05,149,100,4.3219,657.97,4.4159,14.00,0.0940,643.97,4.3219,4.3219
0.05,150,100,4.3219,662.29,4.4153,14.00,0.0933,648.29,4.3219,4.3219
0.05,151,100,4.3219,666.61,4.4146,14.00,0.0927,652.61,4.3219,4.3219
0.05,152,100,4.3219,670.93,4.4140,14.00,0.0921,656.93,4.3219,4.3219
0.05,153,100,4.3219,675.25,4.4134,14.00,0.0915,661.25,4.3219,4.3219
0.05,154,100,4.3219,679.58,4.4128,14.00,0.0909,665.58,4.3219,4.3219
0.05,155,100,4.3219,683.90,4.4123,14.00,0.0903,669.90,4.3219,4.3219
0.05,156,100,4.3219,688.22,4.4117,14.00,0.0897,674.22,4.3219,4.3219
0.05,157,100,4.3219,692.54,4.4111,14.00,0.0892,678.54,4.3219,4.3219
0.05,158,100,4.3219,696.86,4.4105,14.00,0.0886,682.86,4.3219,4.3219
0.05,159,100,4.3219,701.19,4.4100,14.00,0.0881,687.19,4.3219,4.3219
0.05,160,100,4.3219,705.51,4.4094,14.00,0.0875,691.51,4.3219,4.3219
0.05,161,100,4.3219,709.83,4.4089,14.00,0.0870,695.83,4.3219,4.3219
0.05,162,100,4.3219,714.15,4.4083,14.00,0.0864,700.15,4.3219,4.3219
0.05,163,100,4.3219,718.47,4.4078,14.00,0.0859,704.47,4.3219,4.3219
0.05,164,100,4.3219,722.80,4.4073,14.00,0.0854,708.80,4.3219,4.3219
0.05,165,100,4.3219,727.12,4.4068,14.00,0.0848,713.12,4.3219,4.3219
0.05,166,100,4.3219,731.44,4.4063,14.00,0.0843,717.44,4.3219,4.3219
0.05,167,100,4.3219,735.76,4.4058,14.00,0.0838,721.76,4.3219,4.3219
0.05,168,100,4.3219,740.08,4.4053,14.00,0.0833,726.08,4.3219,4.3219
0.05,169,100,4.3219,744.41,4.4048,14.00,0.0828,730.41,4.3219,4.3219
0.05,170,100,4.3219,748.73,4.4043,14.00,0.0824,734.73,4.3219,4.3219
0.05,171,100,4.3219,753.05,4.4038,14.00,0.0819,739.05,4.3219,4.3219
0.05,172,100,4.3219,757.37,4.4033,14.00,0.0814,743.37,4.3219,4.3219
0.05,173,100,4.3219,761.69,4.4029,14.00,0.0809,747.69,4.3219,4.3219
0.05,174,100,4.3219,766.02,4.4024,14.00,0.0805,752.02,4.3219,4.3219
0.05,175,100,4.3219,770.34,4.4019,14.00,0.0800,756.34,4.3219,4.3219
0.05,176,100,4.3219,774.66,4.4015,14.00,0.0795,760.66,4.3219,4.3219
0.05,177,100,4.3219,778.98,4.4010,14.00,0.0791,764.98,4.3219,4.3219
0.05,178,100,4.3219,783.30,4.4006,14.00,0.0787,769.30,4.3219,4.3219
0.05,179,100,4.3219,787.63,4.4001,14.00,0.0782,773.63,4.3219,4.3219
0.05,180,100,4.3219,791.95,4.3997,14.00,0.0778,777.95,4.3219,4.3219
0.05,181,100,4.3219,796.27,4.3993,14.00,0.0773,782.27,4.3219,4.3219
0.05,182,100,4.3219,800.59,4.3989,14.00,0.0769,786.59,4.3219,4.3219
0.05,183,100,4.3219,804.91,4.3984,14.00,0.0765,790.91,4.3219,4.3219
0.05,184,100,4.3219,809.23,4.3980,14.00,0.0761,795.23,4.3219,4.3219
0.05,185,100,4.3219,813.56,4.3976,14.00,0.0757,799.56,4.3219,4.3219
0.05,186,100,4.3219,817.88,4.3972,14.00,0.0753,803.88,4.3219,4.3219
0.05,187,100,4.3219,822.20,4.3968,14.00,0.0749,808.20,4.3219,4.3219
0.05,188,100,4.3219,826.52,4.3964,14.00,0.0745,812.52,4.3219,4.3219
0.05,189,100,4.3219,830.84,4.3960,14.00,0.0741,816.84,4.3219,4.3219
0.05,190,100,4.3219,835.17,4.3956,14.00,0.0737,821.17,4.3219,4.3219
0.05,191,100,4.3219,839.49,4.3952,14.00,0.0733,825.49,4.3219,4.3219
0.05,192,100,4.3219,843.81,4.3948,14.00,0.0729,829.81,4.3219,4.3219
0.05,193,100,4.3219,848.13,4.3945,14.00,0.0725,834.13,4.3219,4.3219
0.05,194,100,4.3219,852.45,4.3941,14.00,0.0722,838.45,4.3219,4.3219
0.05,195,100,4.3219,856.78,4.3937,14.00,0.0718,842.78,4.3219,4.3219
0.05,196,100,4.3219,861.10,4.3934,14.00,0.0714,847.10,4.3219,4.3219
0.05,197,100,4.3219,865.42,4.3930,14.00,0.0711,851.42,4.3219,4.3219
0.05,198,100,4.3219,869.74,4.3926,14.00,0.0707,855.74,4.3219,4.3219
0.05,199,100,4.3219,874.06,4.3923,14.00,0.0704,860.06,4.3219,4.3219
0.05,200,100,4.3219,878.39,4.3919,14.00,0.0700,864.39,4.3219,4.3219
0.1,1,100,3.3219,17.32,17.3219,14.00,14.0000,3.32,3.3219,3.3219
0.1,2,100,3.3219,20.64,10.3219,14.00,7.0000,6.64,3.3219,3.3219
0.1,3,100,3.3219,23.97,7.9886,14.00,4.6667,9.97,3.3219,3.3219
0.1,4,100,3.3219,27.29,6.8219,14.00,3.5000,13.29,3.3219,3.3219
0.1,5,100,3.3219,30.61,6.1219,14.00,2.8000,16.61,3.3219,3.3219
0.1,6,100,3.3219,33.93,5.6553,14.00,2.3333,19.93,3.3219,3.3219
0.1,7,100,3.3219,37.25,5.3219,14.00,2.0000,23.25,3.3219,3.3219
0.1,8,100,3.3219,40.58,5.0719,14.00,1.7500,26.58,3.3219,3.3219
0.1,9,100,3.3219,43.90,4.8775,14.00,1.5556,29.90,3.3219,3.3219
0.1,10,100,3.3219,47.22,4.7219,14.00,1.4000,33.22,3.3219,3.3219
0.1,11,100,3.3219,50.54,4.5947,14.00,1.2727,36.54,3.3219,3.3219
0.1,12,100,3.3219,53.86,4.4886,14.00,1.1667,39.86,3.3219,3.3219
0.1,13,100,3.3219,57.19,4.3989,14.00,1.0769,43.19,3.3219,3.3219
0.1,14,100,3.3219,60.51,4.3219,14.00,1.0000,46.51,3.3219,3.3219
0.1,15,100,3.3219,63.83,4.2553,14.00,0.9333,49.83,3.3219,3.3219
0.1,16,100,3.3219,67.15,4.1969,14.00,0.8750,53.15,3.3219,3.3219
0.1,17,100,3.3219,70.47,4.1455,14.00,0.8235,56.47,3.3219,3.3219
0.1,18,100,3.3219,73.79,4.0997,14.00,0.7778,59.79,3.3219,3.3219
0.1,19,100,3.3219,77.12,4.0588,14.00,0.7368,63.12,3.3219,3.3219
0.1,20,100,3.3219,80.44,4.0219,14.00,0.7000,66.44,3.3219,3.3219
0.1,21,100,3.3219,83.76,3.9886,14.00,0.6667,69.76,3.3219,3.3219
0.1,22,100,3.3219,87.08,3.9583,14.00,0.6364,73.08,3.3219,3.3219
0.1,23,100,3.3219,90.40,3.9306,14.00,0.6087,76.40,3.3219,3.3219
0.1,24,100,3.3219,93.73,3.9053,14.00,0.5833,79.73,3.3219,3.3219
0.1,25,100,3.3219,97.05,3.8819,14.00,0.5600,83.05,3.3219,3.3219
0.1,26,100,3.3219,100.37,3.8604,14.00,0.5385,86.37,3.3219,3.3219
0.1,27,100,3.3219,103.69,3.8404,14.00,0.5185,89.69,3.3219,3.3219
0.1,28,100,3.3219,107.01,3.8219,14.00,0.5000,93.01,3.3219,3.3219
0.1,29,100,3.3219,110.34,3.8047,14.00,0.4828,96.34,3.3219,3.3219
0.1,30,100,3.3219,113.66,3.7886,14.00,0.4667,99.66,3.3219,3.3219
0.1,31,100,3.3219,116.98,3.7735,14.00,0.4516,102.98,3.3219,3.3219
0.1,32,100,3.3219,120.30,3.7594,14.00,0.4375,106.30,3.3219,3.3219
0.1,33,100,3.3219,123.62,3.7462,14.00,0.4242,109.62,3.3219,3.3219
0.1,34,100,3.3219,126.95,3.7337,14.00,0.4118,112.95,3.3219,3.3219
0.1,35,100,3.3219,130.27,3.7219,14.00,0.4000,116.27,3.3219,3.3219
0.1,36,100,3.3219,133.59,3.7108,14.00,0.3889,119.59,3.3219,3.3219
0.1,37,100,3.3219,136.91,3.7003,14.00,0.3784,122.91,3.3219,3.3219
0.1,38,100,3.3219,140.23,3.6903,14.00,0.3684,126.23,3.3219,3.3219
0.1,39,100,3.3219,143.56,3.6809,14.00,0.3590,129.56,3.3219,3.3219
0.1,40,100,3.3219,146.88,3.6719,14.00,0.3500,132.88,3.3219,3.3219
0.1,41,100,3.3219,150.20,3.6634,14.00,0.3415,136.20,3.3219,3.3219
0.1,42,100,3.3219,153.52,3.6553,14.00,0.3333,139.52,3.3219,3.3219
0.1,43,100,3.3219,156.84,3.6475,14.00,0.3256,142.84,3.3219,3.3219
0.1,44,100,3.3219,160.16,3.6401,14.00,0.3182,146.16,3.3219,3.3219
0.1,45,100,3.3219,163.49,3.6330,14.00,0.3111,149.49,3.3219,3.3219
0.1,46,100,3.3219,166.81,3.6263,14.00,0.3043,152.81,3.3219,3.3219
0.1,47,100,3.3219,170.13,3.6198,14.00,0.2979,156.13,3.3219,3.3219
0.1,48,100,3.3219,173.45,3.6136,14.00,0.2917,159.45,3.3219,3.3219
0.1,49,100,3.3219,176.77,3.6076,14.00,0.2857,162.77,3.3219,3.3219
0.1,50,100,3.3219,180.10,3.6019,14.00,0.2800,166.10,3.3219,3.3219
0.1,51,100,3.3219,183.42,3.5964,14.00,0.2745,169.42,3.3219,3.3219
0.1,52,100,3.3219,186.74,3.5912,14.00,0.2692,172.74,3.3219,3.3219
0.1,53,100,3.3219,190.06,3.5861,14.00,0.2642,176.06,3.3219,3.3219
0.1,54,100,3.3219,193.38,3.5812,14.00,0.2593,179.38,3.3219,3.3219
0.1,55,100,3.3219,196.71,3.5765,14.00,0.2545,182.71,3.3219,3.3219
0.1,56,100,3.3219,200.03,3.5719,14.00,0.2500,186.03,3.3219,3.3219
0.1,57,100,3.3219,203.35,3.5675,14.00,0.2456,189.35,3.3219,3.3219
0.1,58,100,3.3219,206.67,3.5633,14.00,0.2414,192.67,3.3219,3.3219
0.1,59,100,3.3219,209.99,3.5592,14.00,0.2373,195.99,3.3219,3.3219
0.1,60,100,3.3219,213.32,3.5553,14.00,0.2333,199.32,3.3219,3.3219
0.1,61,100,3.3219,216.64,3.5514,14.00,0.2295,202.64,3.3219,3.3219
0.1,62,100,3.3219,219.96,3.5477,14.00,0.2258,205.96,3.3219,3.3219
0.1,63,100,3.3219,223.28,3.5442,14.00,0.2222,209.28,3.3219,3.3219
0.1,64,100,3.3219,226.60,3.5407,14.00,0.2188,212.60,3.3219,3.3219
0.1,65,100,3.3219,229.93,3.5373,14.00,0.2154,215.93,3.3219,3.3219
0.1,66,100,3.3219,233.25,3.5340,14.00,0.2121,219.25,3.3219,3.3219
0.1,67,100,3.3219,236.57,3.5309,14.00,0.2090,222.57,3.3219,3.3219
0.1,68,100,3.3219,239.89,3.5278,14.00,0.2059,225.89,3.3219,3.3219
0.1,69,100,3.3219,243.21,3.5248,14.00,0.2029,229.21,3.3219,3.3219
0.1,70,100,3.3219,246.53,3.5219,14.00,0.2000,232.53,3.3219,3.3219
0.1,71,100,3.3219,249.86,3.5191,14.00,0.1972,235.86,3.3219,3.3219
0.1,72,100,3.3219,253.18,3.5164,14.00,0.1944,239.18,3.3219,3.3219
0.1,73,100,3.3219,256.50,3.5137,14.00,0.1918,242.50,3.3219,3.3219
0.1,74,100,3.3219,259.82,3.5111,14.00,0.1892,245.82,3.3219,3.3219
0.1,75,100,3.3219,263.14,3.5086,14.00,0.1867,249.14,3.3219,3.3219
0.1,76,100,3.3219,266.47,3.5061,14.00,0.1842,252.47,3.3219,3.3219
0.1,77,100,3.3219,269.79,3.5037,14.00,0.1818,255.79,3.3219,3.3219
0.1,78,100,3.3219,273.11,3.5014,14.00,0.1795,259.11,3.3219,3.3219
0.1,79,100,3.3219,276.43,3.4991,14.00,0.1772,262.43,3.3219,3.3219
0.1,80,100,3.3219,279.75,3.4969,14.00,0.1750,265.75,3.3219,3.3219
0.1,81,100,3.3219,283.08,3.4948,14.00,0.1728,269.08,3.3219,3.3219
0.1,82,100,3.3219,286.40,3.4927,14.00,0.1707,272.40,3.3219,3.3219
0.1,83,100,3.3219,289.72,3.4906,14.00,0.1687,275.72,3.3219,3.3219
0.1,84,100,3.3219,293.04,3.4886,14.00,0.1667,279.04,3.3219,3.3219
0.1,85,100,3.3219,296.36,3.4866,14.00,0.1647,282.36,3.3219,3.3219
0.1,86,100,3.3219,299.69,3.4847,14.00,0.1628,285.69,3.3219,3.3219
0.1,87,100,3.3219,303.01,3.4828,14.00,0.1609,289.01,3.3219,3.3219
0.1,88,100,3.3219,306.33,3.4810,14.00,0.1591,292.33,3.3219,3.3219
0.1,89,100,3.3219,309.65,3.4792,14.00,0.1573,295.65,3.3219,3.3219
0.1,90,100,3.3219,312.97,3.4775,14.00,0.1556,298.97,3.3219,3.3219
0.1,91,100,3.3219,316.30,3.4758,14.00,0.1538,302.30,3.3219,3.3219
0.1,92,100,3.3219,319.62,3.4741,14.00,0.1522,305.62,3.3219,3.3219
0.1,93,100,3.3219,322.94,3.4725,14.00,0.1505,308.94,3.3219,3.3219
0.1,94,100,3.3219,326.26,3.4709,14.00,0.1489,312.26,3.3219,3.3219
0.1,95,100,3.3219,329.58,3.4693,14.00,0.1474,315.58,3.3219,3.3219
0.1,96,100,3.3219,332.91,3.4678,14.00,0.1458,318.91,3.3219,3.3219
0.1,97,100,3.3219,336.23,3.4663,14.00,0.1443,322.23,3.3219,3.3219
0.1,98,100,3.3219,339.55,3.4648,14.00,0.1429,325.55,3.3219,3.3219
0.1,99,100,3.3219,342.87,3.4633,14.00,0.1414,328.87,3.3219,3.3219
0.1,100,100,3.3219,346.19,3.4619,14.00,0.1400,332.19,3.3219,3.3219
0.1,101,100,3.3219,349.51,3.4605,14.00,0.1386,335.51,3.3219,3.3219
0.1,102,100,3.3219,352.84,3.4592,14.00,0.1373,338.84,3.3219,3.3219
0.1,103,100,3.3219,356.16,3.4579,14.00,0.1359,342.16,3.3219,3.3219
0.1,104,100,3.3219,359.48,3.4565,14.00,0.1346,345.48,3.3219,3.3219
0.1,105,100,3.3219,362.80,3.4553,14.00,0.1333,348.80,3.3219,3.3219
0.1,106,100,3.3219,366.12,3.4540,14.00,0.1321,352.12,3.3219,3.3219
0.1,107,100,3.3219,369.45,3.4528,14.00,0.1308,355.45,3.3219,3.3219
0.1,108,100,3.3219,372.77,3.4516,14.00,0.1296,358.77,3.3219,3.3219
0.1,109,100,3.3219,376.09,3.4504,14.00,0.1284,362.09,3.3219,3.3219
0.1,110,100,3.3219,379.41,3.4492,14.00,0.1273,365.41,3.3219,3.3219
0.1,111,100,3.3219,382.73,3.4481,14.00,0.1261,368.73,3.3219,3.3219
0.1,112,100,3.3219,386.06,3.4469,14.00,0.1250,372.06,3.3219,3.3219
0.1,113,100,3.3219,389.38,3.4458,14.00,0.1239,375.38,3.3219,3.3219
0.1,114,100,3.3219,392.70,3.4447,14.00,0.1228,378.70,3.3219,3.3219
0.1,115,100,3.3219,396.02,3.4437,14.00,0.1217,382.02,3.3219,3.3219
0.1,116,100,3.3219,399.34,3.4426,14.00,0.1207,385.34,3.3219,3.3219
0.1,117,100,3.3219,402.67,3.4416,14.00,0.1197,388.67,3.3219,3.3219
0.1,118,100,3.3219,405.99,3.4406,14.00,0.1186,391.99,3.3219,3.3219
0.1,119,100,3.3219,409.31,3.4396,14.00,0.1176,395.31,3.3219,3.3219
0.1,120,100,3.3219,412.63,3.4386,14.00,0.1167,398.63,3.3219,3.3219
0.1,121,100,3.3219,415.95,3.4376,14.00,0.1157,401.95,3.3219,3.3219
0.1,122,100,3.3219,419.28,3.4367,14.00,0.1148,405.28,3.3219,3.3219
0.1,123,100,3.3219,422.60,3.4357,14.00,0.1138,408.60,3.3219,3.3219
0.1,124,100,3.3219,425.92,3.4348,14.00,0.1129,411.92,3.3219,3.3219
0.1,125,100,3.3219,429.24,3.4339,14.00,0.1120,415.24,3.3219,3.3219
0.1,126,100,3.3219,432.56,3.4330,14.00,0.1111,418.56,3.3219,3.3219
0.1,127,100,3.3219,435.88,3.4322,14.00,0.1102,421.88,3.3219,3.3219
0.1,128,100,3.3219,439.21,3.4313,14.00,0.1094,425.21,3.3219,3.3219
0.1,129,100,3.3219,442.53,3.4305,14.00,0.1085,428.53,3.3219,3.3219
0.1,130,100,3.3219,445.85,3.4296,14.00,0.1077,431.85,3.3219,3.3219
0.1,131,100,3.3219,449.17,3.4288,14.00,0.1069,435.17,3.3219,3.3219
0.1,132,100,3.3219,452.49,3.4280,14.00,0.1061,438.49,3.3219,3.3219
0.1,133,100,3.3219,455.82,3.4272,14.00,0.1053,441.82,3.3219,3.3219
0.1,134,100,3.3219,459.14,3.4264,14.00,0.1045,445.14,3.3219,3.3219
0.1,135,100,3.3219,462.46,3.4256,14.00,0.1037,448.46,3.3219,3.3219
0.1,136,100,3.3219,465.78,3.4249,14.00,0.1029,451.78,3.3219,3.3219
0.1,137,100,3.3219,469.10,3.4241,14.00,0.1022,455.10,3.3219,3.3219
0.1,138,100,3.3219,472.43,3.4234,14.00,0.1014,458.43,3.3219,3.3219
0.1,139,100,3.3219,475.75,3.4226,14.00,0.1007,461.75,3.3219,3.3219
0.1,140,100,3.3219,479.07,3.4219,14.00,0.1000,465.07,3.3219,3.3219
0.1,141,100,3.3219,482.39,3.4212,14.00,0.0993,468.39,3.3219,3.3219
0.1,142,100,3.3219,485.71,3.4205,14.00,0.0986,471.71,3.3219,3.3219
0.1,143,100,3.3219,489.04,3.4198,14.00,0.0979,475.04,3.3219,3.3219
0.1,144,100,3.3219,492.36,3.4192,14.00,0.0972,478.36,3.3219,3.3219
0.1,145,100,3.3219,495.68,3.4185,14.00,0.0966,481.68,3.3219,3.3219
0.1,146,100,3.3219,499.00,3.4178,14.00,0.0959,485.00,3.3219,3.3219
0.1,147,100,3.3219,502.32,3.4172,14.00,0.0952,488.32,3.3219,3.3219
0.1,148,100,3.3219,505.65,3.4165,14.00,0.0946,491.65,3.3219,3.3219
0.1,149,100,3.3219,508.97,3.4159,14.00,0.0940,494.97,3.3219,3.3219
0.1,150,100,3.3219,512.29,3.4153,14.00,0.0933,498.29,3.3219,3.3219
0.1,151,100,3.3219,515.61,3.4146,14.00,0.0927,501.61,3.3219,3.3219
0.1,152,100,3.3219,518.93,3.4140,14.00,0.0921,504.93,3.3219,3.3219
0.1,153,100,3.3219,522.25,3.4134,14.00,0.0915,508.25,3.3219,3.3219
0.1,154,100,3.3219,525.58,3.4128,14.00,0.0909,511.58,3.3219,3.3219
0.1,155,100,3.3219,528.90,3.4123,14.00,0.0903,514.90,3.3219,3.3219
0.1,156,100,3.3219,532.22,3.4117,14.00,0.0897,518.22,3.3219,3.3219
0.1,157,100,3.3219,535.54,3.4111,14.00,0.0892,521.54,3.3219,3.3219
0.1,158,100,3.3219,538.86,3.4105,14.00,0.0886,524.86,3.3219,3.3219
0.1,159,100,3.3219,542.19,3.4100,14.00,0.0881,528.19,3.3219,3.3219
0.1,160,100,3.3219,545.51,3.4094,14.00,0.0875,531.51,3.3219,3.3219
0.1,161,100,3.3219,548.83,3.4089,14.00,0.0870,534.83,3.3219,3.3219
0.1,162,100,3.3219,552.15,3.4083,14.00,0.0864,538.15,3.3219,3.3219
0.1,163,100,3.3219,555.47,3.4078,14.00,0.0859,541.47,3.3219,3.3219
0.1,164,100,3.3219,558.80,3.4073,14.00,0.0854,544.80,3.3219,3.3219
0.1,165,100,3.3219,562.12,3.4068,14.00,0.0848,548.12,3.3219,3.3219
0.1,166,100,3.3219,565.44,3.4063,14.00,0.0843,551.44,3.3219,3.3219
0.1,167,100,3.3219,568.76,3.4058,14.00,0.0838,554.76,3.3219,3.3219
0.1,168,100,3.3219,572.08,3.4053,14.00,0.0833,558.08,3.3219,3.3219
0.1,169,100,3.3219,575.41,3.4048,14.00,0.0828,561.41,3.3219,3.3219
0.1,170,100,3.3219,578.73,3.4043,14.00,0.0824,564.73,3.3219,3.3219
0.1,171,100,3.3219,582.05,3.4038,14.00,0.0819,568.05,3.3219,3.3219
0.1,172,100,3.3219,585.37,3.4033,14.00,0.0814,571.37,3.3219,3.3219
0.1,173,100,3.3219,588.69,3.4029,14.00,0.0809,574.69,3.3219,3.3219
0.1,174,100,3.3219,592.02,3.4024,14.00,0.0805,578.02,3.3219,3.3219
0.1,175,100,3.3219,595.34,3.4019,14.00,0.0800,581.34,3.3219,3.3219
0.1,176,100,3.3219,598.66,3.4015,14.00,0.0795,584.66,3.3219,3.3219
0.1,177,100,3.3219,601.98,3.4010,14.00,0.0791,587.98,3.3219,3.3219
0.1,178,100,3.3219,605.30,3.4006,14.00,0.0787,591.30,3.3219,3.3219
0.1,179,100,3.3219,608.63,3.4001,14.00,0.0782,594.63,3.3219,3.3219
0.1,180,100,3.3219,611.95,3.3997,14.00,0.0778,597.95,3.3219,3.3219
0.1,181,100,3.3219,615.27,3.3993,14.00,0.0773,601.27,3.3219,3.3219
0.1,182,100,3.3219,618.59,3.3989,14.00,0.0769,604.59,3.3219,3.3219
0.1,183,100,3.3219,621.91,3.3984,14.00,0.0765,607.91,3.3219,3.3219
0.1,184,100,3.3219,625.23,3.3980,14.00,0.0761,611.23,3.3219,3.3219
0.1,185,100,3.3219,628.56,3.3976,14.00,0.0757,614.56,3.3219,3.3219
0.1,186,100,3.3219,631.88,3.3972,14.00,0.0753,617.88,3.3219,3.3219
0.1,187,100,3.3219,635.20,3.3968,14.00,0.0749,621.20,3.3219,3.3219
0.1,188,100,3.3219,638.52,3.3964,14.00,0.0745,624.52,3.3219,3.3219
0.1,189,100,3.3219,641.84,3.3960,14.00,0.0741,627.84,3.3219,3.3219
0.1,190,100,3.3219,645.17,3.3956,14.00,0.0737,631.17,3.3219,3.3219
0.1,191,100,3.3219,648.49,3.3952,14.00,0.0733,634.49,3.3219,3.3219
0.1,192,100,3.3219,651.81,3.3948,14.00,0.0729,637.81,3.3219,3.3219
0.1,193,100,3.3219,655.13,3.3945,14.00,0.0725,641.13,3.3219,3.3219
0.1,194,100,3.3219,658.45,3.3941,14.00,0.0722,644.45,3.3219,3.3219
0.1,195,100,3.3219,661.78,3.3937,14.00,0.0718,647.78,3.3219,3.3219
0.1,196,100,3.3219,665.10,3.3934,14.00,0.0714,651.10,3.3219,3.3219
0.1,197,100,3.3219,668.42,3.3930,14.00,0.0711,654.42,3.3219,3.3219
0.1,198,100,3.3219,671.74,3.3926,14.00,0.0707,657.74,3.3219,3.3219
0.1,199,100,3.3219,675.06,3.3923,14.00,0.0704,661.06,3.3219,3.3219
0.1,200,100,3.3219,678.39,3.3919,14.00,0.0700,664.39,3.3219,3.3219
